Fullname,Company
Leanne Graham,"Romaguera-Crona,Multi-layered client-server neural-net"
Ervin Howell,"Deckow-Crist,Proactive didactic contingency"
Clementine Bauch,"Romaguera-Jacobson,Face to face bifurcated interface"
Patricia Lebsack,"Robel-Corkery,Multi-tiered zero tolerance productivity"
Chelsey Dietrich,"Keebler LLC,User-centric fault-tolerant solution"
Mrs. Dennis Schulist,"Considine-Lockman,Synchronised bottom-line interface"
Kurtis Weissnat,"Johns Group,Configurable multimedia task-force"
Nicholas Runolfsdottir V,"Abernathy Group,Implemented secondary concept"
Glenna Reichert,"Yost and Sons,Switchable contextually-based project"
Clementina DuBuque,"Hoeger LLC,Centralized empowering task-force"
