Fullname,email,WithAddressGeo,Company
Leanne Graham,Sincere@april.biz,"Gwenborough,-37.3159,81.1496","Romaguera-Crona,Multi-layered client-server neural-net"
Ervin Howell,Shanna@melissa.tv,"Wisokyburgh,-43.9509,-34.4618","Deckow-Crist,Proactive didactic contingency"
Clementine Bauch,Nathan@yesenia.net,"McKenziehaven,-68.6102,-47.0653","Romaguera-Jacobson,Face to face bifurcated interface"
Patricia Lebsack,Julianne.OConner@kory.org,"South Elvis,29.4572,-164.2990","Robel-Corkery,Multi-tiered zero tolerance productivity"
Chelsey Dietrich,Lucio_Hettinger@annie.ca,"Roscoeview,-31.8129,62.5342","Keebler LLC,User-centric fault-tolerant solution"
Mrs. Dennis Schulist,Karley_Dach@jasper.info,"South Christy,-71.4197,71.7478","Considine-Lockman,Synchronised bottom-line interface"
Kurtis Weissnat,Telly.Hoeger@billy.biz,"Howemouth,24.8918,21.8984","Johns Group,Configurable multimedia task-force"
Nicholas Runolfsdottir V,Sherwood@rosamond.me,"Aliyaview,-14.3990,-120.7677","Abernathy Group,Implemented secondary concept"
Glenna Reichert,Chaim_McDermott@dana.io,"Bartholomebury,24.6463,-168.8889","Yost and Sons,Switchable contextually-based project"
Clementina DuBuque,Rey.Padberg@karina.biz,"Lebsackbury,-38.2386,57.2232","Hoeger LLC,Centralized empowering task-force"
